1,1,1,CHACHAPOYAS,10101
1,1,2,ASUNCION,10102
1,1,3,BALSAS,10103
1,1,4,CHETO,10104
1,1,5,CHILIQUIN,10105
1,1,6,CHUQUIBAMBA,10106
1,1,7,GRANADA,10107
1,1,8,HUANCAS,10108
1,1,9,LA JALCA,10109
1,1,10,LEIMEBAMBA,10110
1,1,11,LEVANTO,10111
1,1,12,MAGDALENA,10112
1,1,13,MARISCAL CASTILLA,10113
1,1,14,MOLINOPAMPA,10114
1,1,15,MONTEVIDEO,10115
1,1,16,OLLEROS,10116
1,1,17,QUINJALCA,10117
1,1,18,SAN FRANCISCO DE DAGUAS,10118
1,1,19,SAN ISIDRO DE MAINO,10119
1,1,20,SOLOCO,10120
1,1,21,SONCHE,10121
1,2,1,BAGUA,10201
1,2,2,ARAMANGO,10202
1,2,3,COPALLIN,10203
1,2,4,EL PARCO,10204
1,2,5,IMAZA,10205
1,2,6,LA PECA,10206
1,3,1,JUMBILLA,10301
1,3,2,CHISQUILLA,10302
1,3,3,CHURUJA,10303
1,3,4,COROSHA,10304
1,3,5,CUISPES,10305
1,3,6,FLORIDA,10306
1,3,7,JAZAN,10307
1,3,8,RECTA,10308
1,3,9,SAN CARLOS,10309
1,3,10,SHIPASBAMBA,10310
1,3,11,VALERA,10311
1,3,12,YAMBRASBAMBA,10312
1,4,1,NIEVA,10401
1,4,2,EL CENEPA,10402
1,4,3,RIO SANTIAGO,10403
1,5,1,LAMUD,10501
1,5,2,CAMPORREDONDO,10502
1,5,3,COCABAMBA,10503
1,5,4,COLCAMAR,10504
1,5,5,CONILA,10505
1,5,6,INGUILPATA,10506
1,5,7,LONGUITA,10507
1,5,8,LONYA CHICO,10508
1,5,9,LUYA,10509
1,5,10,LUYA VIEJO,10510
1,5,11,MARIA,10511
1,5,12,OCALLI,10512
1,5,13,OCUMAL,10513
1,5,14,PISUQUIA,10514
1,5,15,PROVIDENCIA,10515
1,5,16,SAN CRISTOBAL,10516
1,5,17,SAN FRANCISCO DEL YESO,10517
1,5,18,SAN JERONIMO,10518
1,5,19,SAN JUAN DE LOPECANCHA,10519
1,5,20,SANTA CATALINA,10520
1,5,21,SANTO TOMAS,10521
1,5,22,TINGO,10522
1,5,23,TRITA,10523
1,6,1,SAN NICOLAS,10601
1,6,2,CHIRIMOTO,10602
1,6,3,COCHAMAL,10603
1,6,4,HUAMBO,10604
1,6,5,LIMABAMBA,10605
1,6,6,LONGAR,10606
1,6,7,MARISCAL BENAVIDES,10607
1,6,8,MILPUC,10608
1,6,9,OMIA,10609
1,6,10,SANTA ROSA,10610
1,6,11,TOTORA,10611
1,6,12,VISTA ALEGRE,10612
1,7,1,BAGUA GRANDE,10701
1,7,2,CAJARURO,10702
1,7,3,CUMBA,10703
1,7,4,EL MILAGRO,10704
1,7,5,JAMALCA,10705
1,7,6,LONYA GRANDE,10706
1,7,7,YAMON,10707
2,1,1,HUARAZ,20101
2,1,2,COCHABAMBA,20102
2,1,3,COLCABAMBA,20103
2,1,4,HUANCHAY,20104
2,1,5,INDEPENDENCIA,20105
2,1,6,JANGAS,20106
2,1,7,LA LIBERTAD,20107
2,1,8,OLLEROS,20108
2,1,9,PAMPAS,20109
2,1,10,PARIACOTO,20110
2,1,11,PIRA,20111
2,1,12,TARICA,20112
2,2,1,AIJA,20201
2,2,2,CORIS,20202
2,2,3,HUACLLAN,20203
2,2,4,LA MERCED,20204
2,2,5,SUCCHA,20205
2,3,1,LLAMELLIN,20301
2,3,2,ACZO,20302
2,3,3,CHACCHO,20303
2,3,4,CHINGAS,20304
2,3,5,MIRGAS,20305
2,3,6,SAN JUAN DE RONTOY,20306
2,4,1,CHACAS,20401
2,4,2,ACOCHACA,20402
2,5,1,CHIQUIAN,20501
2,5,2,ABELARDO PARDO LEZAMETA,20502
2,5,3,ANTONIO RAYMONDI,20503
2,5,4,AQUIA,20504
2,5,5,CAJACAY,20505
2,5,6,CANIS,20506
2,5,7,COLQUIOC,20507
2,5,8,HUALLANCA,20508
2,5,9,HUASTA,20509
2,5,10,HUAYLLACAYAN,20510
2,5,11,LA PRIMAVERA,20511
2,5,12,MANGAS,20512
2,5,13,PACLLON,20513
2,5,14,SAN MIGUEL DE CORPANQUI,20514
2,5,15,TICLLOS,20515
2,6,1,CARHUAZ,20601
2,6,2,ACOPAMPA,20602
2,6,3,AMASHCA,20603
2,6,4,ANTA,20604
2,6,5,ATAQUERO,20605
2,6,6,MARCARA,20606
2,6,7,PARIAHUANCA,20607
2,6,8,SAN MIGUEL DE ACO,20608
2,6,9,SHILLA,20609
2,6,10,TINCO,20610
2,6,11,YUNGAR,20611
2,7,1,SAN LUIS,20701
2,7,2,SAN NICOLAS,20702
2,7,3,YAUYA,20703
2,8,1,CASMA,20801
2,8,2,BUENA VISTA ALTA,20802
2,8,3,COMANDANTE NOEL,20803
2,8,4,YAUTAN,20804
2,9,1,CORONGO,20901
2,9,2,ACO,20902
2,9,3,BAMBAS,20903
2,9,4,CUSCA,20904
2,9,5,LA PAMPA,20905
2,9,6,YANAC,20906
2,9,7,YUPAN,20907
2,10,1,HUARI,21001
2,10,2,ANRA,21002
2,10,3,CAJAY,21003
2,10,4,CHAVIN DE HUANTAR,21004
2,10,5,HUACACHI,21005
2,10,6,HUACCHIS,21006
2,10,7,HUACHIS,21007
2,10,8,HUANTAR,21008
2,10,9,MASIN,21009
2,10,10,PAUCAS,21010
2,10,11,PONTO,21011
2,10,12,RAHUAPAMPA,21012
2,10,13,RAPAYAN,21013
2,10,14,SAN MARCOS,21014
2,10,15,SAN PEDRO DE CHANA,21015
2,10,16,UCO,21016
2,11,1,HUARMEY,21101
2,11,2,COCHAPETI,21102
2,11,3,CULEBRAS,21103
2,11,4,HUAYAN,21104
2,11,5,MALVAS,21105
2,12,1,CARAZ,21201
2,12,2,HUALLANCA,21202
2,12,3,HUATA,21203
2,12,4,HUAYLAS,21204
2,12,5,MATO,21205
2,12,6,PAMPAROMAS,21206
2,12,7,PUEBLO LIBRE,21207
2,12,8,SANTA CRUZ,21208
2,12,9,SANTO TORIBIO,21209
2,12,10,YURACMARCA,21210
2,13,1,PISCOBAMBA,21301
2,13,2,CASCA,21302
2,13,3,ELEAZAR GUZMAN BARRON,21303
2,13,4,FIDEL OLIVAS ESCUDERO,21304
2,13,5,LLAMA,21305
2,13,6,LLUMPA,21306
2,13,7,LUCMA,21307
2,13,8,MUSGA,21308
2,14,1,OCROS,21401
2,14,2,ACAS,21402
2,14,3,CAJAMARQUILLA,21403
2,14,4,CARHUAPAMPA,21404
2,14,5,COCHAS,21405
2,14,6,CONGAS,21406
2,14,7,LLIPA,21407
2,14,8,SAN CRISTOBAL DE RAJAN,21408
2,14,9,SAN PEDRO,21409
2,14,10,SANTIAGO DE CHILCAS,21410
2,15,1,CABANA,21501
2,15,2,BOLOGNESI,21502
2,15,3,CONCHUCOS,21503
2,15,4,HUACASCHUQUE,21504
2,15,5,HUANDOVAL,21505
2,15,6,LACABAMBA,21506
2,15,7,LLAPO,21507
2,15,8,PALLASCA,21508
2,15,9,PAMPAS,21509
2,15,10,SANTA ROSA,21510
2,15,11,TAUCA,21511
2,16,1,POMABAMBA,21601
2,16,2,HUAYLLAN,21602
2,16,3,PAROBAMBA,21603
2,16,4,QUINUABAMBA,21604
2,17,1,RECUAY,21701
2,17,2,CATAC,21702
2,17,3,COTAPARACO,21703
2,17,4,HUAYLLAPAMPA,21704
2,17,5,LLACLLIN,21705
2,17,6,MARCA,21706
2,17,7,PAMPAS CHICO,21707
2,17,8,PARARIN,21708
2,17,9,TAPACOCHA,21709
2,17,10,TICAPAMPA,21710
2,18,1,CHIMBOTE,21801
2,18,2,CACERES DEL PERU,21802
2,18,3,COISHCO,21803
2,18,4,MACATE,21804
2,18,5,MORO,21805
2,18,6,NEPEÑA,21806
2,18,7,SAMANCO,21807
2,18,8,SANTA,21808
2,18,9,NUEVO CHIMBOTE,21809
2,19,1,SIHUAS,21901
2,19,2,ACOBAMBA,21902
2,19,3,ALFONSO UGARTE,21903
2,19,4,CASHAPAMPA,21904
2,19,5,CHINGALPO,21905
2,19,6,HUAYLLABAMBA,21906
2,19,7,QUICHES,21907
2,19,8,RAGASH,21908
2,19,9,SAN JUAN,21909
2,19,10,SICSIBAMBA,21910
2,20,1,YUNGAY,22001
2,20,2,CASCAPARA,22002
2,20,3,MANCOS,22003
2,20,4,MATACOTO,22004
2,20,5,QUILLO,22005
2,20,6,RANRAHIRCA,22006
2,20,7,SHUPLUY,22007
2,20,8,YANAMA,22008
3,1,1,ABANCAY,30101
3,1,2,CHACOCHE,30102
3,1,3,CIRCA,30103
3,1,4,CURAHUASI,30104
3,1,5,HUANIPACA,30105
3,1,6,LAMBRAMA,30106
3,1,7,PICHIRHUA,30107
3,1,8,SAN PEDRO DE CACHORA,30108
3,1,9,TAMBURCO,30109
3,2,1,ANDAHUAYLAS,30201
3,2,2,ANDARAPA,30202
3,2,3,CHIARA,30203
3,2,4,HUANCARAMA,30204
3,2,5,HUANCARAY,30205
3,2,6,HUAYANA,30206
3,2,7,KISHUARA,30207
3,2,8,PACOBAMBA,30208
3,2,9,PACUCHA,30209
3,2,10,PAMPACHIRI,30210
3,2,11,POMACOCHA,30211
3,2,12,SAN ANTONIO DE CACHI,30212
3,2,13,SAN JERONIMO,30213
3,2,14,SAN MIGUEL DE CHACCRAMPA,30214
3,2,15,SANTA MARIA DE CHICMO,30215
3,2,16,TALAVERA,30216
3,2,17,TUMAY HUARACA,30217
3,2,18,TURPO,30218
3,2,19,KAQUIABAMBA,30219
3,3,1,ANTABAMBA,30301
3,3,2,EL ORO,30302
3,3,3,HUAQUIRCA,30303
3,3,4,JUAN ESPINOZA MEDRANO,30304
3,3,5,OROPESA,30305
3,3,6,PACHACONAS,30306
3,3,7,SABAINO,30307
3,4,1,CHALHUANCA,30401
3,4,2,CAPAYA,30402
3,4,3,CARAYBAMBA,30403
3,4,4,CHAPIMARCA,30404
3,4,5,COLCABAMBA,30405
3,4,6,COTARUSE,30406
3,4,7,HUAYLLO,30407
3,4,8,JUSTO APU SAHUARAURA,30408
3,4,9,LUCRE,30409
3,4,10,POCOHUANCA,30410
3,4,11,SAN JUAN DE CHACÑA,30411
3,4,12,SAÑAYCA,30412
3,4,13,SORAYA,30413
3,4,14,TAPAIRIHUA,30414
3,4,15,TINTAY,30415
3,4,16,TORAYA,30416
3,4,17,YANACA,30417
3,5,1,TAMBOBAMBA,30501
3,5,2,COTABAMBAS,30502
3,5,3,COYLLURQUI,30503
3,5,4,HAQUIRA,30504
3,5,5,MARA,30505
3,5,6,CHALLHUAHUACHO,30506
3,6,1,CHINCHEROS,30601
3,6,2,ANCO-HUALLO,30602
3,6,3,COCHARCAS,30603
3,6,4,HUACCANA,30604
3,6,5,OCOBAMBA,30605
3,6,6,ONGOY,30606
3,6,7,URANMARCA,30607
3,6,8,RANRACANCHA,30608
3,7,1,CHUQUIBAMBILLA,30701
3,7,2,CURPAHUASI,30702
3,7,3,GAMARRA,30703
3,7,4,HUAYLLATI,30704
3,7,5,MAMARA,30705
3,7,6,MICAELA BASTIDAS,30706
3,7,7,PATAYPAMPA,30707
3,7,8,PROGRESO,30708
3,7,9,SAN ANTONIO,30709
3,7,10,SANTA ROSA,30710
3,7,11,TURPAY,30711
3,7,12,VILCABAMBA,30712
3,7,13,VIRUNDO,30713
3,7,14,CURASCO,30714
4,1,1,AREQUIPA,40101
4,1,2,ALTO SELVA ALEGRE,40102
4,1,3,CAYMA,40103
4,1,4,CERRO COLORADO,40104
4,1,5,CHARACATO,40105
4,1,6,CHIGUATA,40106
4,1,7,JACOBO HUNTER,40107
4,1,8,LA JOYA,40108
4,1,9,MARIANO MELGAR,40109
4,1,10,MIRAFLORES,40110
4,1,11,MOLLEBAYA,40111
4,1,12,PAUCARPATA,40112
4,1,13,POCSI,40113
4,1,14,POLOBAYA,40114
4,1,15,QUEQUEÑA,40115
4,1,16,SABANDIA,40116
4,1,17,SACHACA,40117
4,1,18,SAN JUAN DE SIGUAS,40118
4,1,19,SAN JUAN DE TARUCANI,40119
4,1,20,SANTA ISABEL DE SIGUAS,40120
4,1,21,SANTA RITA DE SIGUAS,40121
4,1,22,SOCABAYA,40122
4,1,23,TIABAYA,40123
4,1,24,UCHUMAYO,40124
4,1,25,VITOR,40125
4,1,26,YANAHUARA,40126
4,1,27,YARABAMBA,40127
4,1,28,YURA,40128
4,1,29,JOSE LUIS BUSTAMANTE Y RIVERO,40129
4,2,1,CAMANA,40201
4,2,2,JOSE MARIA QUIMPER,40202
4,2,3,MARIANO NICOLAS VALCARCEL,40203
4,2,4,MARISCAL CACERES,40204
4,2,5,NICOLAS DE PIEROLA,40205
4,2,6,OCOÑA,40206
4,2,7,QUILCA,40207
4,2,8,SAMUEL PASTOR,40208
4,3,1,CARAVELI,40301
4,3,2,ACARI,40302
4,3,3,ATICO,40303
4,3,4,ATIQUIPA,40304
4,3,5,BELLA UNION,40305
4,3,6,CAHUACHO,40306
4,3,7,CHALA,40307
4,3,8,CHAPARRA,40308
4,3,9,HUANUHUANU,40309
4,3,10,JAQUI,40310
4,3,11,LOMAS,40311
4,3,12,QUICACHA,40312
4,3,13,YAUCA,40313
4,4,1,APLAO,40401
4,4,2,ANDAGUA,40402
4,4,3,AYO,40403
4,4,4,CHACHAS,40404
4,4,5,CHILCAYMARCA,40405
4,4,6,CHOCO,40406
4,4,7,HUANCARQUI,40407
4,4,8,MACHAGUAY,40408
4,4,9,ORCOPAMPA,40409
4,4,10,PAMPACOLCA,40410
4,4,11,TIPAN,40411
4,4,12,UÑON,40412
4,4,13,URACA,40413
4,4,14,VIRACO,40414
4,5,1,CHIVAY,40501
4,5,2,ACHOMA,40502
4,5,3,CABANACONDE,40503
4,5,4,CALLALLI,40504
4,5,5,CAYLLOMA,40505
4,5,6,COPORAQUE,40506
4,5,7,HUAMBO,40507
4,5,8,HUANCA,40508
4,5,9,ICHUPAMPA,40509
4,5,10,LARI,40510
4,5,11,LLUTA,40511
4,5,12,MACA,40512
4,5,13,MADRIGAL,40513
4,5,14,SAN ANTONIO DE CHUCA,40514
4,5,15,SIBAYO,40515
4,5,16,TAPAY,40516
4,5,17,TISCO,40517
4,5,18,TUTI,40518
4,5,19,YANQUE,40519
4,5,20,MAJES,40520
4,6,1,CHUQUIBAMBA,40601
4,6,2,ANDARAY,40602
4,6,3,CAYARANI,40603
4,6,4,CHICHAS,40604
4,6,5,IRAY,40605
4,6,6,RIO GRANDE,40606
4,6,7,SALAMANCA,40607
4,6,8,YANAQUIHUA,40608
4,7,1,MOLLENDO,40701
4,7,2,COCACHACRA,40702
4,7,3,DEAN VALDIVIA,40703
4,7,4,ISLAY,40704
4,7,5,MEJIA,40705
4,7,6,PUNTA DE BOMBON,40706
4,8,1,COTAHUASI,40801
4,8,2,ALCA,40802
4,8,3,CHARCANA,40803
4,8,4,HUAYNACOTAS,40804
4,8,5,PAMPAMARCA,40805
4,8,6,PUYCA,40806
4,8,7,QUECHUALLA,40807
4,8,8,SAYLA,40808
4,8,9,TAURIA,40809
4,8,10,TOMEPAMPA,40810
4,8,11,TORO,40811
5,1,1,AYACUCHO,50101
5,1,2,ACOCRO,50102
5,1,3,ACOS VINCHOS,50103
5,1,4,CARMEN ALTO 1/,50104
5,1,5,CHIARA,50105
5,1,6,OCROS,50106
5,1,7,PACAYCASA,50107
5,1,8,QUINUA,50108
5,1,9,SAN JOSE DE TICLLAS,50109
5,1,10,SAN JUAN BAUTISTA,50110
5,1,11,SANTIAGO DE PISCHA,50111
5,1,12,SOCOS,50112
5,1,13,TAMBILLO,50113
5,1,14,VINCHOS,50114
5,1,15,JESUS NAZARENO,50115
5,2,1,CANGALLO,50201
5,2,2,CHUSCHI,50202
5,2,3,LOS MOROCHUCOS,50203
5,2,4,MARIA PARADO DE BELLIDO,50204
5,2,5,PARAS,50205
5,2,6,TOTOS,50206
5,3,1,SANCOS,50301
5,3,2,CARAPO,50302
5,3,3,SACSAMARCA,50303
5,3,4,SANTIAGO DE LUCANAMARCA,50304
5,4,1,HUANTA,50401
5,4,2,AYAHUANCO,50402
5,4,3,HUAMANGUILLA,50403
5,4,4,IGUAIN,50404
5,4,5,LURICOCHA,50405
5,4,6,SANTILLANA,50406
5,4,7,SIVIA,50407
5,4,8,LLOCHEGUA,50408
5,5,1,SAN MIGUEL,50501
5,5,2,ANCO,50502
5,5,3,AYNA,50503
5,5,4,CHILCAS,50504
5,5,5,CHUNGUI,50505
5,5,6,LUIS CARRANZA,50506
5,5,7,SANTA ROSA,50507
5,5,8,TAMBO,50508
5,6,1,PUQUIO,50601
5,6,2,AUCARA,50602
5,6,3,CABANA,50603
5,6,4,CARMEN SALCEDO,50604
5,6,5,CHAVIÑA,50605
5,6,6,CHIPAO,50606
5,6,7,HUAC-HUAS,50607
5,6,8,LARAMATE,50608
5,6,9,LEONCIO PRADO,50609
5,6,10,LLAUTA,50610
5,6,11,LUCANAS,50611
5,6,12,OCAÑA,50612
5,6,13,OTOCA,50613
5,6,14,SAISA,50614
5,6,15,SAN CRISTOBAL,50615
5,6,16,SAN JUAN,50616
5,6,17,SAN PEDRO,50617
5,6,18,SAN PEDRO DE PALCO,50618
5,6,19,SANCOS,50619
5,6,20,SANTA ANA DE HUAYCAHUACHO,50620
5,6,21,SANTA LUCIA,50621
5,7,1,CORACORA,50701
5,7,2,CHUMPI,50702
5,7,3,CORONEL CASTAÑEDA,50703
5,7,4,PACAPAUSA,50704
5,7,5,PULLO,50705
5,7,6,PUYUSCA,50706
5,7,7,SAN FRANCISCO DE RAVACAYCO,50707
5,7,8,UPAHUACHO,50708
5,8,1,PAUSA,50801
5,8,2,COLTA,50802
5,8,3,CORCULLA,50803
5,8,4,LAMPA,50804
5,8,5,MARCABAMBA,50805
5,8,6,OYOLO,50806
5,8,7,PARARCA,50807
5,8,8,SAN JAVIER DE ALPABAMBA,50808
5,8,9,SAN JOSE DE USHUA,50809
5,8,10,SARA SARA,50810
5,9,1,QUEROBAMBA,50901
5,9,2,BELEN,50902
5,9,3,CHALCOS,50903
5,9,4,CHILCAYOC,50904
5,9,5,HUACAÑA,50905
5,9,6,MORCOLLA,50906
5,9,7,PAICO,50907
5,9,8,SAN PEDRO DE LARCAY,50908
5,9,9,SAN SALVADOR DE QUIJE,50909
5,9,10,SANTIAGO DE PAUCARAY,50910
5,9,11,SORAS,50911
5,10,1,HUANCAPI,51001
5,10,2,ALCAMENCA,51002
5,10,3,APONGO,51003
5,10,4,ASQUIPATA,51004
5,10,5,CANARIA,51005
5,10,6,CAYARA,51006
5,10,7,COLCA,51007
5,10,8,HUAMANQUIQUIA,51008
5,10,9,HUANCARAYLLA,51009
5,10,10,HUAYA,51010
5,10,11,SARHUA,51011
5,10,12,VILCANCHOS,51012
5,11,1,VILCAS HUAMÁN,51101
5,11,2,ACCOMARCA,51102
5,11,3,CARHUANCA,51103
5,11,4,CONCEPCION,51104
5,11,5,HUAMBALPA,51105
5,11,6,INDEPENDENCIA,51106
5,11,7,SAURAMA,51107
5,11,8,VISCHONGO,51108
6,1,1,CAJAMARCA,60101
6,1,2,ASUNCION,60102
6,1,3,CHETILLA,60103
6,1,4,COSPAN,60104
6,1,5,ENCAÑADA,60105
6,1,6,JESUS,60106
6,1,7,LLACANORA,60107
6,1,8,LOS BAÑOS DEL INCA,60108
6,1,9,MAGDALENA,60109
6,1,10,MATARA,60110
6,1,11,NAMORA,60111
6,1,12,SAN JUAN,60112
6,2,1,CAJABAMBA,60201
6,2,2,CACHACHI,60202
6,2,3,CONDEBAMBA,60203
6,2,4,SITACOCHA,60204
6,3,1,CELENDIN,60301
6,3,2,CHUMUCH,60302
6,3,3,CORTEGANA,60303
6,3,4,HUASMIN,60304
6,3,5,JORGE CHAVEZ,60305
6,3,6,JOSE GALVEZ,60306
6,3,7,MIGUEL IGLESIAS,60307
6,3,8,OXAMARCA,60308
6,3,9,SOROCHUCO,60309
6,3,10,SUCRE,60310
6,3,11,UTCO,60311
6,3,12,LA LIBERTAD DE PALLAN,60312
6,4,1,CHOTA,60401
6,4,2,ANGUIA,60402
6,4,3,CHADIN,60403
6,4,4,CHIGUIRIP,60404
6,4,5,CHIMBAN,60405
6,4,6,CHOROPAMPA,60406
6,4,7,COCHABAMBA,60407
6,4,8,CONCHAN,60408
6,4,9,HUAMBOS,60409
6,4,10,LAJAS,60410
6,4,11,LLAMA,60411
6,4,12,MIRACOSTA,60412
6,4,13,PACCHA,60413
6,4,14,PION,60414
6,4,15,QUEROCOTO,60415
6,4,16,SAN JUAN DE LICUPIS,60416
6,4,17,TACABAMBA,60417
6,4,18,TOCMOCHE,60418
6,4,19,CHALAMARCA,60419
6,5,1,CONTUMAZA,60501
6,5,2,CHILETE,60502
6,5,3,CUPISNIQUE,60503
6,5,4,GUZMANGO,60504
6,5,5,SAN BENITO,60505
6,5,6,SANTA CRUZ DE TOLED,60506
6,5,7,TANTARICA,60507
6,5,8,YONAN,60508
6,6,1,CUTERVO,60601
6,6,2,CALLAYUC,60602
6,6,3,CHOROS,60603
6,6,4,CUJILLO,60604
6,6,5,LA RAMADA,60605
6,6,6,PIMPINGOS,60606
6,6,7,QUEROCOTILLO,60607
6,6,8,SAN ANDRES DE CUTERVO,60608
6,6,9,SAN JUAN DE CUTERVO,60609
6,6,10,SAN LUIS DE LUCMA,60610
6,6,11,SANTA CRUZ,60611
6,6,12,SANTO DOMINGO DE LA CAPILLA,60612
6,6,13,SANTO TOMAS,60613
6,6,14,SOCOTA,60614
6,6,15,TORIBIO CASANOVA,60615
6,7,1,BAMBAMARCA,60701
6,7,2,CHUGUR,60702
6,7,3,HUALGAYOC,60703
6,8,1,JAEN,60801
6,8,2,BELLAVISTA,60802
6,8,3,CHONTALI,60803
6,8,4,COLASAY,60804
6,8,5,HUABAL,60805
6,8,6,LAS PIRIAS,60806
6,8,7,POMAHUACA,60807
6,8,8,PUCARA,60808
6,8,9,SALLIQUE,60809
6,8,10,SAN FELIPE,60810
6,8,11,SAN JOSE DEL ALTO,60811
6,8,12,SANTA ROSA,60812
6,9,1,SAN IGNACIO,60901
6,9,2,CHIRINOS,60902
6,9,3,HUARANGO,60903
6,9,4,LA COIPA,60904
6,9,5,NAMBALLE,60905
6,9,6,SAN JOSE DE LOURDES,60906
6,9,7,TABACONAS,60907
6,10,1,PEDRO GALVEZ,61001
6,10,2,CHANCAY,61002
6,10,3,EDUARDO VILLANUEVA,61003
6,10,4,GREGORIO PITA,61004
6,10,5,ICHOCAN,61005
6,10,6,JOSE MANUEL QUIROZ,61006
6,10,7,JOSE SABOGAL,61007
6,11,1,SAN MIGUEL,61101
6,11,2,BOLIVAR,61102
6,11,3,CALQUIS,61103
6,11,4,CATILLUC,61104
6,11,5,EL PRADO,61105
6,11,6,LA FLORIDA,61106
6,11,7,LLAPA,61107
6,11,8,NANCHOC,61108
6,11,9,NIEPOS,61109
6,11,10,SAN GREGORIO,61110
6,11,11,SAN SILVESTRE DE COCHAN,61111
6,11,12,TONGOD,61112
6,11,13,UNION AGUA BLANCA,61113
6,12,1,SAN PABLO,61201
6,12,2,SAN BERNARDINO,61202
6,12,3,SAN LUIS,61203
6,12,4,TUMBADEN,61204
6,13,1,SANTA CRUZ,61301
6,13,2,ANDABAMBA,61302
6,13,3,CATACHE,61303
6,13,4,CHANCAYBAÑOS,61304
6,13,5,LA ESPERANZA,61305
6,13,6,NINABAMBA,61306
6,13,7,PULAN,61307
6,13,8,SAUCEPAMPA,61308
6,13,9,SEXI,61309
6,13,10,UTICYACU,61310
6,13,11,YAUYUCAN,61311
7,1,1,CALLAO,70101
7,1,2,BELLAVISTA,70102
7,1,3,CARMEN DE LA LEGUA REYNOSO,70103
7,1,4,LA PERLA,70104
7,1,5,LA PUNTA,70105
7,1,6,VENTANILLA,70106
8,1,1,CUSCO,80101
8,1,2,CCORCA,80102
8,1,3,POROY,80103
8,1,4,SAN JERONIMO,80104
8,1,5,SAN SEBASTIAN,80105
8,1,6,SANTIAGO,80106
8,1,7,SAYLLA,80107
8,1,8,WANCHAQ,80108
8,2,1,ACOMAYO,80201
8,2,2,ACOPIA,80202
8,2,3,ACOS,80203
8,2,4,MOSOC LLACTA,80204
8,2,5,POMACANCHI,80205
8,2,6,RONDOCAN,80206
8,2,7,SANGARARA,80207
8,3,1,ANTA,80301
8,3,2,ANCAHUASI,80302
8,3,3,CACHIMAYO,80303
8,3,4,CHINCHAYPUJIO,80304
8,3,5,HUAROCONDO,80305
8,3,6,LIMATAMBO,80306
8,3,7,MOLLEPATA,80307
8,3,8,PUCYURA,80308
8,3,9,ZURITE,80309
8,4,1,CALCA,80401
8,4,2,COYA,80402
8,4,3,LAMAY,80403
8,4,4,LARES,80404
8,4,5,PISAC,80405
8,4,6,SAN SALVADOR,80406
8,4,7,TARAY,80407
8,4,8,YANATILE,80408
8,5,1,YANAOCA,80501
8,5,2,CHECCA,80502
8,5,3,KUNTURKANKI,80503
8,5,4,LANGUI,80504
8,5,5,LAYO,80505
8,5,6,PAMPAMARCA,80506
8,5,7,QUEHUE,80507
8,5,8,TUPAC AMARU,80508
8,6,1,SICUANI,80601
8,6,2,CHECACUPE,80602
8,6,3,COMBAPATA,80603
8,6,4,MARANGANI,80604
8,6,5,PITUMARCA,80605
8,6,6,SAN PABLO,80606
8,6,7,SAN PEDRO,80607
8,6,8,TINTA,80608
8,7,1,SANTO TOMAS,80701
8,7,2,CAPACMARCA,80702
8,7,3,CHAMACA,80703
8,7,4,COLQUEMARCA,80704
8,7,5,LIVITACA,80705
8,7,6,LLUSCO,80706
8,7,7,QUIÑOTA,80707
8,7,8,VELILLE,80708
8,8,1,ESPINAR,80801
8,8,2,CONDOROMA,80802
8,8,3,COPORAQUE,80803
8,8,4,OCORURO,80804
8,8,5,PALLPATA,80805
8,8,6,PICHIGUA,80806
8,8,7,SUYCKUTAMBO,80807
8,8,8,ALTO PICHIGUA,80808
8,9,1,SANTA ANA,80901
8,9,2,ECHARATE,80902
8,9,3,HUAYOPATA,80903
8,9,4,MARANURA,80904
8,9,5,OCOBAMBA,80905
8,9,6,QUELLOUNO,80906
8,9,7,KIMBIRI,80907
8,9,8,SANTA TERESA,80908
8,9,9,VILCABAMBA,80909
8,9,10,PICHARI,80910
8,10,1,PARURO,81001
8,10,2,ACCHA,81002
8,10,3,CCAPI,81003
8,10,4,COLCHA,81004
8,10,5,HUANOQUITE,81005
8,10,6,OMACHA,81006
8,10,7,PACCARITAMBO,81007
8,10,8,PILLPINTO,81008
8,10,9,YAURISQUE,81009
8,11,1,PAUCARTAMBO,81101
8,11,2,CAICAY,81102
8,11,3,CHALLABAMBA,81103
8,11,4,COLQUEPATA,81104
8,11,5,HUANCARANI,81105
8,11,6,KOSÑIPATA,81106
8,12,1,URCOS,81201
8,12,2,ANDAHUAYLILLAS,81202
8,12,3,CAMANTI,81203
8,12,4,CCARHUAYO,81204
8,12,5,CCATCA,81205
8,12,6,CUSIPATA,81206
8,12,7,HUARO,81207
8,12,8,LUCRE,81208
8,12,9,MARCAPATA,81209
8,12,10,OCONGATE,81210
8,12,11,OROPESA,81211
8,12,12,QUIQUIJANA,81212
8,13,1,URUBAMBA,81301
8,13,2,CHINCHERO,81302
8,13,3,HUAYLLABAMBA,81303
8,13,4,MACHUPICCHU,81304
8,13,5,MARAS,81305
8,13,6,OLLANTAYTAMBO,81306
8,13,7,YUCAY,81307
9,1,1,HUANCAVELICA,90101
9,1,2,ACOBAMBILLA,90102
9,1,3,ACORIA,90103
9,1,4,CONAYCA,90104
9,1,5,CUENCA,90105
9,1,6,HUACHOCOLPA,90106
9,1,7,HUAYLLAHUARA,90107
9,1,8,IZCUCHACA,90108
9,1,9,LARIA,90109
9,1,10,MANTA,90110
9,1,11,MARISCAL CACERES,90111
9,1,12,MOYA,90112
9,1,13,NUEVO OCCORO,90113
9,1,14,PALCA,90114
9,1,15,PILCHACA,90115
9,1,16,VILCA,90116
9,1,17,YAULI,90117
9,1,18,ASCENSION,90118
9,1,19,HUANDO,90119
9,2,1,ACOBAMBA,90201
9,2,2,ANDABAMBA,90202
9,2,3,ANTA,90203
9,2,4,CAJA,90204
9,2,5,MARCAS,90205
9,2,6,PAUCARA,90206
9,2,7,POMACOCHA,90207
9,2,8,ROSARIO,90208
9,3,1,LIRCAY,90301
9,3,2,ANCHONGA,90302
9,3,3,CALLANMARCA,90303
9,3,4,CCOCHACCASA,90304
9,3,5,CHINCHO,90305
9,3,6,CONGALLA,90306
9,3,7,HUANCA-HUANCA,90307
9,3,8,HUAYLLAY GRANDE,90308
9,3,9,JULCAMARCA,90309
9,3,10,SAN ANTONIO DE ANTAPARCO,90310
9,3,11,SANTO TOMAS DE PATA,90311
9,3,12,SECCLLA,90312
9,4,1,CASTROVIRREYNA,90401
9,4,2,ARMA,90402
9,4,3,AURAHUA,90403
9,4,4,CAPILLAS,90404
9,4,5,CHUPAMARCA,90405
9,4,6,COCAS,90406
9,4,7,HUACHOS,90407
9,4,8,HUAMATAMBO,90408
9,4,9,MOLLEPAMPA,90409
9,4,10,SAN JUAN,90410
9,4,11,SANTA ANA,90411
9,4,12,TANTARA,90412
9,4,13,TICRAPO,90413
9,5,1,CHURCAMPA,90501
9,5,2,ANCO,90502
9,5,3,CHINCHIHUASI,90503
9,5,4,EL CARMEN,90504
9,5,5,LA MERCED,90505
9,5,6,LOCROJA,90506
9,5,7,PAUCARBAMBA,90507
9,5,8,SAN MIGUEL DE MAYOCC,90508
9,5,9,SAN PEDRO DE CORIS,90509
9,5,10,PACHAMARCA,90510
9,6,1,HUAYTARA,90601
9,6,2,AYAVI,90602
9,6,3,CORDOVA,90603
9,6,4,HUAYACUNDO ARMA,90604
9,6,5,LARAMARCA,90605
9,6,6,OCOYO,90606
9,6,7,PILPICHACA,90607
9,6,8,QUERCO,90608
9,6,9,QUITO-ARMA,90609
9,6,10,SAN ANTONIO DE CUSICANCHA,90610
9,6,11,SAN FRANCISCO DE SANGAYAICO,90611
9,6,12,SAN ISIDRO,90612
9,6,13,SANTIAGO DE CHOCORVOS,90613
9,6,14,SANTIAGO DE QUIRAHUARA,90614
9,6,15,SANTO DOMINGO DE CAPILLAS,90615
9,6,16,TAMBO,90616
9,7,1,PAMPAS,90701
9,7,2,ACOSTAMBO,90702
9,7,3,ACRAQUIA,90703
9,7,4,AHUAYCHA,90704
9,7,5,COLCABAMBA,90705
9,7,6,DANIEL HERNANDEZ,90706
9,7,7,HUACHOCOLPA,90707
9,7,8,HUANDO,90708
9,7,9,HUARIBAMBA,90709
9,7,10,ÑAHUIMPUQUIO,90710
9,7,11,PAZOS,90711
9,7,13,QUISHUAR,90713
9,7,14,SALCABAMBA,90714
9,7,15,SALCAHUASI,90715
9,7,16,SAN MARCOS DE ROCCHAC,90716
9,7,17,SURCUBAMBA,90717
9,7,18,TINTAY PUNCU,90718
10,1,1,HUANUCO,100101
10,1,2,AMARILIS,100102
10,1,3,CHINCHAO,100103
10,1,4,CHURUBAMBA,100104
10,1,5,MARGOS,100105
10,1,6,QUISQUI,100106
10,1,7,SAN FRANCISCO DE CAYRAN,100107
10,1,8,SAN PEDRO DE CHAULAN,100108
10,1,9,SANTA MARIA DEL VALLE,100109
10,1,10,YARUMAYO,100110
10,1,11,PILLCO MARCA,100111
10,2,1,AMBO,100201
10,2,2,CAYNA,100202
10,2,3,COLPAS,100203
10,2,4,CONCHAMARCA,100204
10,2,5,HUACAR,100205
10,2,6,SAN FRANCISCO,100206
10,2,7,SAN RAFAEL,100207
10,2,8,TOMAY KICHWA,100208
10,3,1,LA UNION,100301
10,3,7,CHUQUIS,100307
10,3,11,MARIAS,100311
10,3,13,PACHAS,100313
10,3,16,QUIVILLA,100316
10,3,17,RIPAN,100317
10,3,21,SHUNQUI,100321
10,3,22,SILLAPATA,100322
10,3,23,YANAS,100323
10,4,1,HUACAYBAMBA,100401
10,4,2,CANCHABAMBA,100402
10,4,3,COCHABAMBA,100403
10,4,4,PINRA,100404
10,5,1,LLATA,100501
10,5,2,ARANCAY,100502
10,5,3,CHAVIN DE PARIARCA,100503
10,5,4,JACAS GRANDE,100504
10,5,5,JIRCAN,100505
10,5,6,MIRAFLORES,100506
10,5,7,MONZON,100507
10,5,8,PUNCHAO,100508
10,5,9,PUÑOS,100509
10,5,10,SINGA,100510
10,5,11,TANTAMAYO,100511
10,6,1,RUPA-RUPA,100601
10,6,2,DANIEL ALOMIA ROBLES,100602
10,6,3,HERMILIO VALDIZAN,100603
10,6,4,JOSE CRESPO Y CASTILLO,100604
10,6,5,LUYANDO,100605
10,6,6,MARIANO DAMASO BERAUN,100606
10,7,1,HUACRACHUCO,100701
10,7,2,CHOLON,100702
10,7,3,SAN BUENAVENTURA,100703
10,8,1,PANAO,100801
10,8,2,CHAGLLA,100802
10,8,3,MOLINO,100803
10,8,4,UMARI,100804
10,9,1,PUERTO INCA,100901
10,9,2,CODO DEL POZUZO,100902
10,9,3,HONORIA,100903
10,9,4,TOURNAVISTA,100904
10,9,5,YUYAPICHIS,100905
10,10,1,JESUS,101001
10,10,2,BAÑOS,101002
10,10,3,JIVIA,101003
10,10,4,QUEROPALCA,101004
10,10,5,RONDOS,101005
10,10,6,SAN FRANCISCO DE ASIS,101006
10,10,7,SAN MIGUEL DE CAURI,101007
10,11,1,CHAVINILLO,101101
10,11,2,CAHUAC,101102
10,11,3,CHACABAMBA,101103
10,11,4,APARICIO POMARES,101104
10,11,5,JACAS CHICO,101105
10,11,6,OBAS,101106
10,11,7,PAMPAMARCA,101107
10,11,8,CHORAS,101108
11,1,1,ICA,110101
11,1,2,LA TINGUIÑA,110102
11,1,3,LOS AQUIJES,110103
11,1,4,OCUCAJE,110104
11,1,5,PACHACUTEC,110105
11,1,6,PARCONA,110106
11,1,7,PUEBLO NUEVO,110107
11,1,8,SALAS,110108
11,1,9,SAN JOSE DE LOS MOLINOS,110109
11,1,10,SAN JUAN BAUTISTA,110110
11,1,11,SANTIAGO,110111
11,1,12,SUBTANJALLA,110112
11,1,13,TATE,110113
11,1,14,YAUCA DEL ROSARIO,110114
11,2,1,CHINCHA ALTA,110201
11,2,2,ALTO LARAN,110202
11,2,3,CHAVIN,110203
11,2,4,CHINCHA BAJA,110204
11,2,5,EL CARMEN,110205
11,2,6,GROCIO PRADO,110206
11,2,7,PUEBLO NUEVO,110207
11,2,8,SAN JUAN DE YANAC,110208
11,2,9,SAN PEDRO DE HUACARPANA,110209
11,2,10,SUNAMPE,110210
11,2,11,TAMBO DE MORA,110211
11,3,1,NAZCA,110301
11,3,2,CHANGUILLO,110302
11,3,3,EL INGENIO,110303
11,3,4,MARCONA,110304
11,3,5,VISTA ALEGRE,110305
11,4,1,PALPA,110401
11,4,2,LLIPATA,110402
11,4,3,RIO GRANDE,110403
11,4,4,SANTA CRUZ,110404
11,4,5,TIBILLO,110405
11,5,1,PISCO,110501
11,5,2,HUANCANO,110502
11,5,3,HUMAY,110503
11,5,4,INDEPENDENCIA,110504
11,5,5,PARACAS,110505
11,5,6,SAN ANDRES,110506
11,5,7,SAN CLEMENTE,110507
11,5,8,TUPAC AMARU INCA,110508
12,1,1,HUANCAYO,120101
12,1,4,CARHUACALLANGA,120104
12,1,5,CHACAPAMPA,120105
12,1,6,CHICCHE,120106
12,1,7,CHILCA,120107
12,1,8,CHONGOS ALTO,120108
12,1,11,CHUPURO,120111
12,1,12,COLCA,120112
12,1,13,CULLHUAS,120113
12,1,14,EL TAMBO,120114
12,1,16,HUACRAPUQUIO,120116
12,1,17,HUALHUAS,120117
12,1,19,HUANCAN,120119
12,1,20,HUASICANCHA,120120
12,1,21,HUAYUCACHI,120121
12,1,22,INGENIO,120122
12,1,24,PARIAHUANCA,120124
12,1,25,PILCOMAYO,120125
12,1,26,PUCARA,120126
12,1,27,QUICHUAY,120127
12,1,28,QUILCAS,120128
12,1,29,SAN AGUSTIN,120129
12,1,30,SAN JERONIMO DE TUNAN,120130
12,1,32,SAÑO,120132
12,1,33,SAPALLANGA,120133
12,1,34,SICAYA,120134
12,1,35,SANTO DOMINGO DE ACOBAMBA,120135
12,1,36,VIQUES,120136
12,2,1,CONCEPCION,120201
12,2,2,ACO,120202
12,2,3,ANDAMARCA,120203
12,2,4,CHAMBARA,120204
12,2,5,COCHAS,120205
12,2,6,COMAS,120206
12,2,7,HEROINAS TOLEDO,120207
12,2,8,MANZANARES,120208
12,2,9,MARISCAL CASTILLA,120209
12,2,10,MATAHUASI,120210
12,2,11,MITO,120211
12,2,12,NUEVE DE JULIO,120212
12,2,13,ORCOTUNA,120213
12,2,14,SAN JOSE DE QUERO,120214
12,2,15,SANTA ROSA DE OCOPA,120215
12,3,1,CHANCHAMAYO,120301
12,3,2,PERENE,120302
12,3,3,PICHANAQUI,120303
12,3,4,SAN LUIS DE SHUARO,120304
12,3,5,SAN RAMON,120305
12,3,6,VITOC,120306
12,4,1,JAUJA,120401
12,4,2,ACOLLA,120402
12,4,3,APATA,120403
12,4,4,ATAURA,120404
12,4,5,CANCHAYLLO,120405
12,4,6,CURICACA,120406
12,4,7,EL MANTARO,120407
12,4,8,HUAMALI,120408
12,4,9,HUARIPAMPA,120409
12,4,10,HUERTAS,120410
12,4,11,JANJAILLO,120411
12,4,12,JULCAN,120412
12,4,13,LEONOR ORDOÑEZ,120413
12,4,14,LLOCLLAPAMPA,120414
12,4,15,MARCO,120415
12,4,16,MASMA,120416
12,4,17,MASMA CHICCHE,120417
12,4,18,MOLINOS,120418
12,4,19,MONOBAMBA,120419
12,4,20,MUQUI,120420
12,4,21,MUQUIYAUYO,120421
12,4,22,PACA,120422
12,4,23,PACCHA,120423
12,4,24,PANCAN,120424
12,4,25,PARCO,120425
12,4,26,POMACANCHA,120426
12,4,27,RICRAN,120427
12,4,28,SAN LORENZO,120428
12,4,29,SAN PEDRO DE CHUNAN,120429
12,4,30,SAUSA,120430
12,4,31,SINCOS,120431
12,4,32,TUNAN MARCA,120432
12,4,33,YAULI,120433
12,4,34,YAUYOS,120434
12,5,1,JUNIN,120501
12,5,2,CARHUAMAYO,120502
12,5,3,ONDORES,120503
12,5,4,ULCUMAYO,120504
12,6,1,SATIPO,120601
12,6,2,COVIRIALI,120602
12,6,3,LLAYLLA,120603
12,6,4,MAZAMARI,120604
12,6,5,PAMPA HERMOSA,120605
12,6,6,PANGOA,120606
12,6,7,RIO NEGRO,120607
12,6,8,RIO TAMBO,120608
12,7,1,TARMA,120701
12,7,2,ACOBAMBA,120702
12,7,3,HUARICOLCA,120703
12,7,4,HUASAHUASI,120704
12,7,5,LA UNION,120705
12,7,6,PALCA,120706
12,7,7,PALCAMAYO,120707
12,7,8,SAN PEDRO DE CAJAS,120708
12,7,9,TAPO,120709
12,8,1,LA OROYA,120801
12,8,2,CHACAPALPA,120802
12,8,3,HUAY-HUAY,120803
12,8,4,MARCAPOMACOCHA,120804
12,8,5,MOROCOCHA,120805
12,8,6,PACCHA,120806
12,8,7,SANTA BARBARA DE CARHUACAYAN,120807
12,8,8,SANTA ROSA DE SACCO,120808
12,8,9,SUITUCANCHA,120809
12,8,10,YAULI,120810
12,9,1,CHUPACA,120901
12,9,2,AHUAC,120902
12,9,3,CHONGOS BAJO,120903
12,9,4,HUACHAC,120904
12,9,5,HUAMANCACA CHICO,120905
12,9,6,SAN JUAN DE ISCOS,120906
12,9,7,SAN JUAN DE JARPA,120907
12,9,8,TRES DE DICIEMBRE,120908
12,9,9,YANACANCHA,120909
13,1,1,TRUJILLO,130101
13,1,2,EL PORVENIR,130102
13,1,3,FLORENCIA DE MORA,130103
13,1,4,HUANCHACO,130104
13,1,5,LA ESPERANZA,130105
13,1,6,LAREDO,130106
13,1,7,MOCHE,130107
13,1,8,POROTO,130108
13,1,9,SALAVERRY,130109
13,1,10,SIMBAL,130110
13,1,11,VICTOR LARCO HERRERA,130111
13,2,1,ASCOPE,130201
13,2,2,CHICAMA,130202
13,2,3,CHOCOPE,130203
13,2,4,MAGDALENA DE CAO,130204
13,2,5,PAIJAN,130205
13,2,6,RAZURI,130206
13,2,7,SANTIAGO DE CAO,130207
13,2,8,CASA GRANDE,130208
13,3,1,BOLIVAR,130301
13,3,2,BAMBAMARCA,130302
13,3,3,CONDORMARCA,130303
13,3,4,LONGOTEA,130304
13,3,5,UCHUMARCA,130305
13,3,6,UCUNCHA,130306
13,4,1,CHEPEN,130401
13,4,2,PACANGA,130402
13,4,3,PUEBLO NUEVO,130403
13,5,1,JULCAN,130501
13,5,2,CALAMARCA,130502
13,5,3,CARABAMBA,130503
13,5,4,HUASO,130504
13,6,1,OTUZCO,130601
13,6,2,AGALLPAMPA,130602
13,6,4,CHARAT,130604
13,6,5,HUARANCHAL,130605
13,6,6,LA CUESTA,130606
13,6,8,MACHE,130608
13,6,10,PARANDAY,130610
13,6,11,SALPO,130611
13,6,13,SINSICAP,130613
13,6,14,USQUIL,130614
13,7,1,SAN PEDRO DE LLOC,130701
13,7,2,GUADALUPE,130702
13,7,3,JEQUETEPEQUE,130703
13,7,4,PACASMAYO,130704
13,7,5,SAN JOSE,130705
13,8,1,TAYABAMBA,130801
13,8,2,BULDIBUYO,130802
13,8,3,CHILLIA,130803
13,8,4,HUANCASPATA,130804
13,8,5,HUAYLILLAS,130805
13,8,6,HUAYO,130806
13,8,7,ONGON,130807
13,8,8,PARCOY,130808
13,8,9,PATAZ,130809
13,8,10,PIAS,130810
13,8,11,SANTIAGO DE CHALLAS,130811
13,8,12,TAURIJA,130812
13,8,13,URPAY,130813
13,9,1,HUAMACHUCO,130901
13,9,2,CHUGAY,130902
13,9,3,COCHORCO,130903
13,9,4,CURGOS,130904
13,9,5,MARCABAL,130905
13,9,6,SANAGORAN,130906
13,9,7,SARIN,130907
13,9,8,SARTIMBAMBA,130908
13,10,1,SANTIAGO DE CHUCO,131001
13,10,2,ANGASMARCA,131002
13,10,3,CACHICADAN,131003
13,10,4,MOLLEBAMBA,131004
13,10,5,MOLLEPATA,131005
13,10,6,QUIRUVILCA,131006
13,10,7,SANTA CRUZ DE CHUCA,131007
13,10,8,SITABAMBA,131008
13,11,1,CASCAS,131101
13,11,2,LUCMA,131102
13,11,3,COMPIN,131103
13,11,4,SAYAPULLO,131104
13,12,1,VIRU,131201
13,12,2,CHAO,131202
13,12,3,GUADALUPITO,131203
14,1,1,CHICLAYO,140101
14,1,2,CHONGOYAPE,140102
14,1,3,ETEN,140103
14,1,4,ETEN PUERTO,140104
14,1,5,JOSE LEONARDO ORTIZ,140105
14,1,6,LA VICTORIA,140106
14,1,7,LAGUNAS,140107
14,1,8,MONSEFU,140108
14,1,9,NUEVA ARICA,140109
14,1,10,OYOTUN,140110
14,1,11,PICSI,140111
14,1,12,PIMENTEL,140112
14,1,13,REQUE,140113
14,1,14,SANTA ROSA,140114
14,1,15,SAÑA,140115
14,1,16,CAYALTI,140116
14,1,17,PATAPO,140117
14,1,18,POMALCA,140118
14,1,19,PUCALA,140119
14,1,20,TUMAN,140120
14,2,1,FERREÑAFE,140201
14,2,2,CAÑARIS,140202
14,2,3,INCAHUASI,140203
14,2,4,MANUEL ANTONIO MESONES MURO,140204
14,2,5,PITIPO,140205
14,2,6,PUEBLO NUEVO,140206
14,3,1,LAMBAYEQUE,140301
14,3,2,CHOCHOPE,140302
14,3,3,ILLIMO,140303
14,3,4,JAYANCA,140304
14,3,5,MOCHUMI,140305
14,3,6,MORROPE,140306
14,3,7,MOTUPE,140307
14,3,8,OLMOS,140308
14,3,9,PACORA,140309
14,3,10,SALAS,140310
14,3,11,SAN JOSE,140311
14,3,12,TUCUME,140312
15,1,1,LIMA,150101
15,1,2,ANCON,150102
15,1,3,ATE,150103
15,1,4,BARRANCO,150104
15,1,5,BREÑA,150105
15,1,6,CARABAYLLO,150106
15,1,7,CHACLACAYO,150107
15,1,8,CHORRILLOS,150108
15,1,9,CIENEGUILLA,150109
15,1,10,COMAS,150110
15,1,11,EL AGUSTINO,150111
15,1,12,INDEPENDENCIA,150112
15,1,13,JESUS MARIA,150113
15,1,14,LA MOLINA,150114
15,1,15,LA VICTORIA,150115
15,1,16,LINCE,150116
15,1,17,LOS OLIVOS,150117
15,1,18,LURIGANCHO,150118
15,1,19,LURIN,150119
15,1,20,MAGDALENA DEL MAR,150120
15,1,21,MAGDALENA VIEJA,150121
15,1,22,MIRAFLORES,150122
15,1,23,PACHACAMAC,150123
15,1,24,PUCUSANA,150124
15,1,25,PUENTE PIEDRA,150125
15,1,26,PUNTA HERMOSA,150126
15,1,27,PUNTA NEGRA,150127
15,1,28,RIMAC,150128
15,1,29,SAN BARTOLO,150129
15,1,30,SAN BORJA,150130
15,1,31,SAN ISIDRO,150131
15,1,32,SAN JUAN DE LURIGANCHO,150132
15,1,33,SAN JUAN DE MIRAFLORES,150133
15,1,34,SAN LUIS,150134
15,1,35,SAN MARTIN DE PORRES,150135
15,1,36,SAN MIGUEL,150136
15,1,37,SANTA ANITA,150137
15,1,38,SANTA MARIA DEL MAR,150138
15,1,39,SANTA ROSA,150139
15,1,40,SANTIAGO DE SURCO,150140
15,1,41,SURQUILLO,150141
15,1,42,VILLA EL SALVADOR,150142
15,1,43,VILLA MARIA DEL TRIUNFO,150143
15,2,1,BARRANCA,150201
15,2,2,PARAMONGA,150202
15,2,3,PATIVILCA,150203
15,2,4,SUPE,150204
15,2,5,SUPE PUERTO,150205
15,3,1,CAJATAMBO,150301
15,3,2,COPA,150302
15,3,3,GORGOR,150303
15,3,4,HUANCAPON,150304
15,3,5,MANAS,150305
15,4,1,CANTA,150401
15,4,2,ARAHUAY,150402
15,4,3,HUAMANTANGA,150403
15,4,4,HUAROS,150404
15,4,5,LACHAQUI,150405
15,4,6,SAN BUENAVENTURA,150406
15,4,7,SANTA ROSA DE QUIVES,150407
15,5,1,SAN VICENTE DE CAÑETE,150501
15,5,2,ASIA,150502
15,5,3,CALANGO,150503
15,5,4,CERRO AZUL,150504
15,5,5,CHILCA,150505
15,5,6,COAYLLO,150506
15,5,7,IMPERIAL,150507
15,5,8,LUNAHUANA,150508
15,5,9,MALA,150509
15,5,10,NUEVO IMPERIAL,150510
15,5,11,PACARAN,150511
15,5,12,QUILMANA,150512
15,5,13,SAN ANTONIO,150513
15,5,14,SAN LUIS,150514
15,5,15,SANTA CRUZ DE FLORES,150515
15,5,16,ZUÑIGA,150516
15,6,1,HUARAL,150601
15,6,2,ATAVILLOS ALTO,150602
15,6,3,ATAVILLOS BAJO,150603
15,6,4,AUCALLAMA,150604
15,6,5,CHANCAY,150605
15,6,6,IHUARI,150606
15,6,7,LAMPIAN,150607
15,6,8,PACARAOS,150608
15,6,9,SAN MIGUEL DE ACOS,150609
15,6,10,SANTA CRUZ DE ANDAMARCA,150610
15,6,11,SUMBILCA,150611
15,6,12,VEINTISIETE DE NOVIEMBRE,150612
15,7,1,MATUCANA,150701
15,7,2,ANTIOQUIA,150702
15,7,3,CALLAHUANCA,150703
15,7,4,CARAMPOMA,150704
15,7,5,CHICLA,150705
15,7,6,CUENCA,150706
15,7,7,HUACHUPAMPA,150707
15,7,8,HUANZA,150708
15,7,9,HUAROCHIRI,150709
15,7,10,LAHUAYTAMBO,150710
15,7,11,LANGA,150711
15,7,12,LARAOS,150712
15,7,13,MARIATANA,150713
15,7,14,RICARDO PALMA,150714
15,7,15,SAN ANDRES DE TUPICOCHA,150715
15,7,16,SAN ANTONIO,150716
15,7,17,SAN BARTOLOME,150717
15,7,18,SAN DAMIAN,150718
15,7,19,SAN JUAN DE IRIS,150719
15,7,20,SAN JUAN DE TANTARANCHE,150720
15,7,21,SAN LORENZO DE QUINTI,150721
15,7,22,SAN MATEO,150722
15,7,23,SAN MATEO DE OTAO,150723
15,7,24,SAN PEDRO DE CASTA,150724
15,7,25,SAN PEDRO DE HUANCAYRE,150725
15,7,26,SANGALLAYA,150726
15,7,27,SANTA CRUZ DE COCACHACRA,150727
15,7,28,SANTA EULALIA,150728
15,7,29,SANTIAGO DE ANCHUCAYA,150729
15,7,30,SANTIAGO DE TUNA,150730
15,7,31,SANTO DOMINGO DE LOS OLLEROS,150731
15,7,32,SURCO,150732
15,8,1,HUACHO,150801
15,8,2,AMBAR,150802
15,8,3,CALETA DE CARQUIN,150803
15,8,4,CHECRAS,150804
15,8,5,HUALMAY,150805
15,8,6,HUAURA,150806
15,8,7,LEONCIO PRADO,150807
15,8,8,PACCHO,150808
15,8,9,SANTA LEONOR,150809
15,8,10,SANTA MARIA,150810
15,8,11,SAYAN,150811
15,8,12,VEGUETA,150812
15,9,1,OYON,150901
15,9,2,ANDAJES,150902
15,9,3,CAUJUL,150903
15,9,4,COCHAMARCA,150904
15,9,5,NAVAN,150905
15,9,6,PACHANGARA,150906
15,10,1,YAUYOS,151001
15,10,2,ALIS,151002
15,10,3,AYAUCA,151003
15,10,4,AYAVIRI,151004
15,10,5,AZANGARO,151005
15,10,6,CACRA,151006
15,10,7,CARANIA,151007
15,10,8,CATAHUASI,151008
15,10,9,CHOCOS,151009
15,10,10,COCHAS,151010
15,10,11,COLONIA,151011
15,10,12,HONGOS,151012
15,10,13,HUAMPARA,151013
15,10,14,HUANCAYA,151014
15,10,15,HUANGASCAR,151015
15,10,16,HUANTAN,151016
15,10,17,HUAÑEC,151017
15,10,18,LARAOS,151018
15,10,19,LINCHA,151019
15,10,20,MADEAN,151020
15,10,21,MIRAFLORES,151021
15,10,22,OMAS,151022
15,10,23,PUTINZA,151023
15,10,24,QUINCHES,151024
15,10,25,QUINOCAY,151025
15,10,26,SAN JOAQUIN,151026
15,10,27,SAN PEDRO DE PILAS,151027
15,10,28,TANTA,151028
15,10,29,TAURIPAMPA,151029
15,10,30,TOMAS,151030
15,10,31,TUPE,151031
15,10,32,VIÑAC,151032
15,10,33,VITIS,151033
16,1,1,IQUITOS,160101
16,1,2,ALTO NANAY,160102
16,1,3,FERNANDO LORES,160103
16,1,4,INDIANA,160104
16,1,5,LAS AMAZONAS,160105
16,1,6,MAZAN,160106
16,1,7,NAPO,160107
16,1,8,PUNCHANA,160108
16,1,9,PUTUMAYO,160109
16,1,10,TORRES CAUSANA,160110
16,1,12,BELEN,160112
16,1,13,SAN JUAN BAUTISTA,160113
16,1,14,TENIENTE MANUEL CLAVERO,160114
16,2,1,YURIMAGUAS,160201
16,2,2,BALSAPUERTO,160202
16,2,3,BARRANCA,160203
16,2,4,CAHUAPANAS,160204
16,2,5,JEBEROS,160205
16,2,6,LAGUNAS,160206
16,2,7,MANSERICHE,160207
16,2,8,MORONA,160208
16,2,9,PASTAZA,160209
16,2,10,SANTA CRUZ,160210
16,2,11,TENIENTE CESAR LOPEZ ROJAS,160211
16,3,1,NAUTA,160301
16,3,2,PARINARI,160302
16,3,3,TIGRE,160303
16,3,4,TROMPETEROS,160304
16,3,5,URARINAS,160305
16,4,1,RAMON CASTILLA,160401
16,4,2,PEBAS,160402
16,4,3,YAVARI,160403
16,4,4,SAN PABLO,160404
16,5,1,REQUENA,160501
16,5,2,ALTO TAPICHE,160502
16,5,3,CAPELO,160503
16,5,4,EMILIO SAN MARTIN,160504
16,5,5,MAQUIA,160505
16,5,6,PUINAHUA,160506
16,5,7,SAQUENA,160507
16,5,8,SOPLIN,160508
16,5,9,TAPICHE,160509
16,5,10,JENARO HERRERA,160510
16,5,11,YAQUERANA,160511
16,6,1,CONTAMANA,160601
16,6,2,INAHUAYA,160602
16,6,3,PADRE MARQUEZ,160603
16,6,4,PAMPA HERMOSA,160604
16,6,5,SARAYACU,160605
16,6,6,VARGAS GUERRA,160606
16,7,1,BARRANCA,160701
16,7,2,CAHUAPANAS,160702
16,7,3,MANSERICHE,160703
16,7,4,MORONA,160704
16,7,5,PASTAZA,160705
16,7,6,ANDOAS,160706
17,1,1,TAMBOPATA,170101
17,1,2,INAMBARI,170102
17,1,3,LAS PIEDRAS,170103
17,1,4,LABERINTO,170104
17,2,1,MANU,170201
17,2,2,FITZCARRALD,170202
17,2,3,MADRE DE DIOS,170203
17,2,4,HUEPETUHE,170204
17,3,1,IÑAPARI,170301
17,3,2,IBERIA,170302
17,3,3,TAHUAMANU,170303
18,1,1,MOQUEGUA,180101
18,1,2,CARUMAS,180102
18,1,3,CUCHUMBAYA,180103
18,1,4,SAMEGUA,180104
18,1,5,SAN CRISTOBAL,180105
18,1,6,TORATA,180106
18,2,1,OMATE,180201
18,2,2,CHOJATA,180202
18,2,3,COALAQUE,180203
18,2,4,ICHUÑA,180204
18,2,5,LA CAPILLA,180205
18,2,6,LLOQUE,180206
18,2,7,MATALAQUE,180207
18,2,8,PUQUINA,180208
18,2,9,QUINISTAQUILLAS,180209
18,2,10,UBINAS,180210
18,2,11,YUNGA,180211
18,3,1,ILO,180301
18,3,2,EL ALGARROBAL,180302
18,3,3,PACOCHA,180303
19,1,1,CHAUPIMARCA,190101
19,1,2,HUACHON,190102
19,1,3,HUARIACA,190103
19,1,4,HUAYLLAY,190104
19,1,5,NINACACA,190105
19,1,6,PALLANCHACRA,190106
19,1,7,PAUCARTAMBO,190107
19,1,8,SAN FCO.DE ASIS DE YARUSYACAN,190108
19,1,9,SIMON BOLIVAR,190109
19,1,10,TICLACAYAN,190110
19,1,11,TINYAHUARCO,190111
19,1,12,VICCO,190112
19,1,13,YANACANCHA,190113
19,2,1,YANAHUANCA,190201
19,2,2,CHACAYAN,190202
19,2,3,GOYLLARISQUIZGA,190203
19,2,4,PAUCAR,190204
19,2,5,SAN PEDRO DE PILLAO,190205
19,2,6,SANTA ANA DE TUSI,190206
19,2,7,TAPUC,190207
19,2,8,VILCABAMBA,190208
19,3,1,OXAPAMPA,190301
19,3,2,CHONTABAMBA,190302
19,3,3,HUANCABAMBA,190303
19,3,4,PALCAZU,190304
19,3,5,POZUZO,190305
19,3,6,PUERTO BERMUDEZ,190306
19,3,7,VILLA RICA,190307
20,1,1,PIURA,200101
20,1,4,CASTILLA,200104
20,1,5,CATACAOS,200105
20,1,7,CURA MORI,200107
20,1,8,EL TALLAN,200108
20,1,9,LA ARENA,200109
20,1,10,LA UNION,200110
20,1,11,LAS LOMAS,200111
20,1,14,TAMBO GRANDE,200114
20,2,1,AYABACA,200201
20,2,2,FRIAS,200202
20,2,3,JILILI,200203
20,2,4,LAGUNAS,200204
20,2,5,MONTERO,200205
20,2,6,PACAIPAMPA,200206
20,2,7,PAIMAS,200207
20,2,8,SAPILLICA,200208
20,2,9,SICCHEZ,200209
20,2,10,SUYO,200210
20,3,1,HUANCABAMBA,200301
20,3,2,CANCHAQUE,200302
20,3,3,EL CARMEN DE LA FRONTERA,200303
20,3,4,HUARMACA,200304
20,3,5,LALAQUIZ,200305
20,3,6,SAN MIGUEL DE EL FAIQUE,200306
20,3,7,SONDOR,200307
20,3,8,SONDORILLO,200308
20,4,1,CHULUCANAS,200401
20,4,2,BUENOS AIRES,200402
20,4,3,CHALACO,200403
20,4,4,LA MATANZA,200404
20,4,5,MORROPON,200405
20,4,6,SALITRAL,200406
20,4,7,SAN JUAN DE BIGOTE,200407
20,4,8,SANTA CATALINA DE MOSSA,200408
20,4,9,SANTO DOMINGO,200409
20,4,10,YAMANGO,200410
20,5,1,PAITA,200501
20,5,2,AMOTAPE,200502
20,5,3,ARENAL,200503
20,5,4,COLAN,200504
20,5,5,LA HUACA,200505
20,5,6,TAMARINDO,200506
20,5,7,VICHAYAL,200507
20,6,1,SULLANA,200601
20,6,2,BELLAVISTA,200602
20,6,3,IGNACIO ESCUDERO,200603
20,6,4,LANCONES,200604
20,6,5,MARCAVELICA,200605
20,6,6,MIGUEL CHECA,200606
20,6,7,QUERECOTILLO,200607
20,6,8,SALITRAL,200608
20,7,1,PARIÑAS,200701
20,7,2,EL ALTO,200702
20,7,3,LA BREA,200703
20,7,4,LOBITOS,200704
20,7,5,LOS ORGANOS,200705
20,7,6,MANCORA,200706
20,8,1,SECHURA,200801
20,8,2,BELLAVISTA DE LA UNION,200802
20,8,3,BERNAL,200803
20,8,4,CRISTO NOS VALGA,200804
20,8,5,VICE,200805
20,8,6,RINCONADA LLICUAR,200806
21,1,1,PUNO,210101
21,1,2,ACORA,210102
21,1,3,AMANTANI,210103
21,1,4,ATUNCOLLA,210104
21,1,5,CAPACHICA,210105
21,1,6,CHUCUITO,210106
21,1,7,COATA,210107
21,1,8,HUATA,210108
21,1,9,MAÑAZO,210109
21,1,10,PAUCARCOLLA,210110
21,1,11,PICHACANI,210111
21,1,12,PLATERIA,210112
21,1,13,SAN ANTONIO,210113
21,1,14,TIQUILLACA,210114
21,1,15,VILQUE,210115
21,2,1,AZANGARO,210201
21,2,2,ACHAYA,210202
21,2,3,ARAPA,210203
21,2,4,ASILLO,210204
21,2,5,CAMINACA,210205
21,2,6,CHUPA,210206
21,2,7,JOSE DOMINGO CHOQUEHUANCA,210207
21,2,8,MUÑANI,210208
21,2,9,POTONI,210209
21,2,10,SAMAN,210210
21,2,11,SAN ANTON,210211
21,2,12,SAN JOSE,210212
21,2,13,SAN JUAN DE SALINAS,210213
21,2,14,SANTIAGO DE PUPUJA,210214
21,2,15,TIRAPATA,210215
21,3,1,MACUSANI,210301
21,3,2,AJOYANI,210302
21,3,3,AYAPATA,210303
21,3,4,COASA,210304
21,3,5,CORANI,210305
21,3,6,CRUCERO,210306
21,3,7,ITUATA,210307
21,3,8,OLLACHEA,210308
21,3,9,SAN GABAN,210309
21,3,10,USICAYOS,210310
21,4,1,JULI,210401
21,4,2,DESAGUADERO,210402
21,4,3,HUACULLANI,210403
21,4,4,KELLUYO,210404
21,4,5,PISACOMA,210405
21,4,6,POMATA,210406
21,4,7,ZEPITA,210407
21,5,1,ILAVE,210501
21,5,2,CAPAZO,210502
21,5,3,PILCUYO,210503
21,5,4,SANTA ROSA,210504
21,5,5,CONDURIRI,210505
21,6,1,HUANCANÉ,210601
21,6,2,COJATA,210602
21,6,3,HUATASANI,210603
21,6,4,INCHUPALLA,210604
21,6,5,PUSI,210605
21,6,6,ROSASPATA,210606
21,6,7,TARACO,210607
21,6,8,VILQUE CHICO,210608
21,7,1,LAMPA,210701
21,7,2,CABANILLA,210702
21,7,3,CALAPUJA,210703
21,7,4,NICASIO,210704
21,7,5,OCUVIRI,210705
21,7,6,PALCA,210706
21,7,7,PARATIA,210707
21,7,8,PUCARA,210708
21,7,9,SANTA LUCIA,210709
21,7,10,VILAVILA,210710
21,8,1,AYAVIRI,210801
21,8,2,ANTAUTA,210802
21,8,3,CUPI,210803
21,8,4,LLALLI,210804
21,8,5,MACARI,210805
21,8,6,NUÑOA,210806
21,8,7,ORURILLO,210807
21,8,8,SANTA ROSA,210808
21,8,9,UMACHIRI,210809
21,9,1,MOHO,210901
21,9,2,CONIMA,210902
21,9,3,HUAYRAPATA,210903
21,9,4,TILALI,210904
21,10,1,PUTINA,211001
21,10,2,ANANEA,211002
21,10,3,PEDRO VILCA APAZA,211003
21,10,4,QUILCAPUNCU,211004
21,10,5,SINA,211005
21,11,1,JULIACA,211101
21,11,2,CABANA,211102
21,11,3,CABANILLAS,211103
21,11,4,CARACOTO,211104
21,12,1,SANDIA,211201
21,12,2,CUYOCUYO,211202
21,12,3,LIMBANI,211203
21,12,4,PATAMBUCO,211204
21,12,5,PHARA,211205
21,12,6,QUIACA,211206
21,12,7,SAN JUAN DEL ORO,211207
21,12,8,YANAHUAYA,211208
21,12,9,ALTO INAMBARI,211209
21,12,10,SAN PEDRO DE PUTINA PUNCO,211210
21,13,1,YUNGUYO,211301
21,13,2,ANAPIA,211302
21,13,3,COPANI,211303
21,13,4,CUTURAPI,211304
21,13,5,OLLARAYA,211305
21,13,6,TINICACHI,211306
21,13,7,UNICACHI,211307
22,1,1,MOYOBAMBA,220101
22,1,2,CALZADA,220102
22,1,3,HABANA,220103
22,1,4,JEPELACIO,220104
22,1,5,SORITOR,220105
22,1,6,YANTALO,220106
22,2,1,BELLAVISTA,220201
22,2,2,ALTO BIAVO,220202
22,2,3,BAJO BIAVO,220203
22,2,4,HUALLAGA,220204
22,2,5,SAN PABLO,220205
22,2,6,SAN RAFAEL,220206
22,3,1,SAN JOSE DE SISA,220301
22,3,2,AGUA BLANCA,220302
22,3,3,SAN MARTIN,220303
22,3,4,SANTA ROSA,220304
22,3,5,SHATOJA,220305
22,4,1,SAPOSOA,220401
22,4,2,ALTO SAPOSOA,220402
22,4,3,EL ESLABON,220403
22,4,4,PISCOYACU,220404
22,4,5,SACANCHE,220405
22,4,6,TINGO DE SAPOSOA,220406
22,5,1,LAMAS,220501
22,5,2,ALONSO DE ALVARADO,220502
22,5,3,BARRANQUITA,220503
22,5,4,CAYNARACHI,220504
22,5,5,CUÑUMBUQUI,220505
22,5,6,PINTO RECODO,220506
22,5,7,RUMISAPA,220507
22,5,8,SAN ROQUE DE CUMBAZA,220508
22,5,9,SHANAO,220509
22,5,10,TABALOSOS,220510
22,5,11,ZAPATERO,220511
22,6,1,JUANJUI,220601
22,6,2,CAMPANILLA,220602
22,6,3,HUICUNGO,220603
22,6,4,PACHIZA,220604
22,6,5,PAJARILLO,220605
22,7,1,PICOTA,220701
22,7,2,BUENOS AIRES,220702
22,7,3,CASPISAPA,220703
22,7,4,PILLUANA,220704
22,7,5,PUCACACA,220705
22,7,6,SAN CRISTOBAL,220706
22,7,7,SAN HILARION,220707
22,7,8,SHAMBOYACU,220708
22,7,9,TINGO DE PONASA,220709
22,7,10,TRES UNIDOS,220710
22,8,1,RIOJA,220801
22,8,2,AWAJUN,220802
22,8,3,ELIAS SOPLIN VARGAS,220803
22,8,4,NUEVA CAJAMARCA,220804
22,8,5,PARDO MIGUEL,220805
22,8,6,POSIC,220806
22,8,7,SAN FERNANDO,220807
22,8,8,YORONGOS,220808
22,8,9,YURACYACU,220809
22,9,1,TARAPOTO,220901
22,9,2,ALBERTO LEVEAU,220902
22,9,3,CACATACHI,220903
22,9,4,CHAZUTA,220904
22,9,5,CHIPURANA,220905
22,9,6,EL PORVENIR,220906
22,9,7,HUIMBAYOC,220907
22,9,8,JUAN GUERRA,220908
22,9,9,LA BANDA DE SHILCAYO,220909
22,9,10,MORALES,220910
22,9,11,PAPAPLAYA,220911
22,9,12,SAN ANTONIO,220912
22,9,13,SAUCE,220913
22,9,14,SHAPAJA,220914
22,10,1,TOCACHE,221001
22,10,2,NUEVO PROGRESO,221002
22,10,3,POLVORA,221003
22,10,4,SHUNTE,221004
22,10,5,UCHIZA,221005
23,1,1,TACNA,230101
23,1,2,ALTO DE LA ALIANZA,230102
23,1,3,CALANA,230103
23,1,4,CIUDAD NUEVA,230104
23,1,5,INCLAN,230105
23,1,6,PACHIA,230106
23,1,7,PALCA,230107
23,1,8,POCOLLAY,230108
23,1,9,SAMA,230109
23,1,10,CORONEL GREGORIO ALBARRACIN LANCHI,230110
23,2,1,CANDARAVE,230201
23,2,2,CAIRANI,230202
23,2,3,CAMILACA,230203
23,2,4,CURIBAYA,230204
23,2,5,HUANUARA,230205
23,2,6,QUILAHUANI,230206
23,3,1,LOCUMBA,230301
23,3,2,ILABAYA,230302
23,3,3,ITE,230303
23,4,1,TARATA,230401
23,4,2,CHUCATAMANI,230402
23,4,3,ESTIQUE,230403
23,4,4,ESTIQUE-PAMPA,230404
23,4,5,SITAJARA,230405
23,4,6,SUSAPAYA,230406
23,4,7,TARUCACHI,230407
23,4,8,TICACO,230408
24,1,1,TUMBES,240101
24,1,2,CORRALES,240102
24,1,3,LA CRUZ,240103
24,1,4,PAMPAS DE HOSPITAL,240104
24,1,5,SAN JACINTO,240105
24,1,6,SAN JUAN DE LA VIRGEN,240106
24,2,1,ZORRITOS,240201
24,2,2,CASITAS,240202
24,2,3,CANOAS DE PUNTA SAL,240203
24,3,1,ZARUMILLA,240301
24,3,2,AGUAS VERDES,240302
24,3,3,MATAPALO,240303
24,3,4,PAPAYAL,240304
25,1,1,CALLERIA,250101
25,1,2,CAMPOVERDE,250102
25,1,3,IPARIA,250103
25,1,4,MASISEA,250104
25,1,5,YARINACOCHA,250105
25,1,6,NUEVA REQUENA,250106
25,1,7,MANANTAY,250107
25,2,1,RAYMONDI,250201
25,2,2,SEPAHUA,250202
25,2,3,TAHUANIA,250203
25,2,4,YURUA,250204
25,3,1,PADRE ABAD,250301
25,3,2,IRAZOLA,250302
25,3,3,CURIMANA,250303
25,4,1,PURUS,250401
